Month,PnL
2026-04,58.08000000000038
2026-05,312.3399999999979
2026-06,-157.80000000000314
